{
  "overall": {
    "value": 51374989.98110728,
    "percValue": 1
  },
  "byClass": {
    "lagoonal_reef_only": {
      "name": "lagoonal_reef_only",
      "value": 501089.3875136875,
      "percValue": 0.01037115433852349,
      "sketchMetrics": [
        {
          "id": "61803a1a04baa808681f0a8f",
          "name": "pelagic-break-partial-no-take",
          "value": 501089.3875136875,
          "percValue": 0.01037115433852349
        }
      ]
    },
    "Mangrove_shp_2012": {
      "name": "Mangrove_shp_2012",
      "value": 0,
      "percValue": 0,
      "sketchMetrics": [
        {
          "id": "61803a1a04baa808681f0a8f",
          "name": "pelagic-break-partial-no-take",
          "value": 0,
          "percValue": 0
        }
      ]
    },
    "Seagrass_2014_50mbuff": {
      "name": "Seagrass_2014_50mbuff",
      "value": 7319.39105811099,
      "percValue": 0.002537252908246755,
      "sketchMetrics": [
        {
          "id": "61803a1a04baa808681f0a8f",
          "name": "pelagic-break-partial-no-take",
          "value": 7319.39105811099,
          "percValue": 0.002537252908246755
        }
      ]
    }
  },
  "byLevel": {
    "full": {
      "lagoonal_reef_only": {
        "value": 0,
        "percValue": 0,
        "sketchMetrics": []
      },
      "Mangrove_shp_2012": {
        "value": 0,
        "percValue": 0,
        "sketchMetrics": []
      },
      "Seagrass_2014_50mbuff": {
        "value": 0,
        "percValue": 0,
        "sketchMetrics": []
      }
    },
    "high": {
      "lagoonal_reef_only": {
        "value": 501089.3875136875,
        "percValue": 0.009753566622552313,
        "sketchMetrics": [
          {
            "id": "61803a1a04baa808681f0a8f",
            "name": "pelagic-break-partial-no-take",
            "value": 501089.3875136875,
            "percValue": 0.01037115433852349
          }
        ]
      },
      "Mangrove_shp_2012": {
        "value": 0,
        "percValue": 0,
        "sketchMetrics": [
          {
            "id": "61803a1a04baa808681f0a8f",
            "name": "pelagic-break-partial-no-take",
            "value": 0,
            "percValue": 0
          }
        ]
      },
      "Seagrass_2014_50mbuff": {
        "value": 7319.39105811099,
        "percValue": 0.00014246992672509786,
        "sketchMetrics": [
          {
            "id": "61803a1a04baa808681f0a8f",
            "name": "pelagic-break-partial-no-take",
            "value": 7319.39105811099,
            "percValue": 0.002537252908246755
          }
        ]
      }
    },
    "low": {
      "lagoonal_reef_only": {
        "value": 0,
        "percValue": 0,
        "sketchMetrics": []
      },
      "Mangrove_shp_2012": {
        "value": 0,
        "percValue": 0,
        "sketchMetrics": []
      },
      "Seagrass_2014_50mbuff": {
        "value": 0,
        "percValue": 0,
        "sketchMetrics": []
      }
    }
  }
}