{
  "edge": {
    "area": 45937300.38209538,
    "percArea": 0.02648855593469317,
    "totalCount": 1,
    "overlapCount": 1,
    "areaUnit": "square meters",
    "sketchAreas": []
  }
}