{
  "area": 272601217.5867524,
  "percPlanningArea": 0.0005853112788424326
}