{
  "edge": {
    "area": 4601454.3337858375,
    "percArea": 0.0026533096086971833,
    "overlapCount": 1,
    "areaUnit": "square meters",
    "sketchAreas": []
  }
}