{
  "edge": {
    "area": 158845715.1103524,
    "percArea": 0.09159427251251505,
    "totalCount": 8,
    "overlapCount": 5,
    "areaUnit": "square meters",
    "sketchAreas": []
  }
}