{
  "edge": {
    "area": 88659309.26468773,
    "percArea": 0.05112309720107717,
    "totalCount": 1,
    "overlapCount": 1,
    "areaUnit": "square meters",
    "sketchAreas": []
  }
}