{
  "area": 956935.1638319656,
  "percPlanningArea": 0.0000020546678018176244
}