{
  "edge": {
    "area": 12160320.09128951,
    "percArea": 0.007011934010981658,
    "totalCount": 2,
    "overlapCount": 1,
    "areaUnit": "square meters",
    "sketchAreas": []
  }
}