{
  "edge": {
    "area": 164382222.56792018,
    "percArea": 0.09478675631658705,
    "totalCount": 12,
    "overlapCount": 6,
    "areaUnit": "square meters",
    "sketchAreas": []
  }
}