{
  "edge": {
    "area": 162639.931362004,
    "percArea": 0.00009378210916321573,
    "overlapCount": 1,
    "areaUnit": "square meters",
    "sketchAreas": []
  }
}