{
  "overall": {
    "value": 14710961.795261733,
    "percValue": 1
  },
  "byClass": {
    "Nursery Reef": {
      "name": "Nursery Reef",
      "value": 11651653.092987554,
      "percValue": 0.7920388384626521
    },
    "Mangrove": {
      "name": "Mangrove",
      "value": 174538.70779643767,
      "percValue": 0.011864534095429096
    },
    "Seagrass": {
      "name": "Seagrass",
      "value": 2884769.994477741,
      "percValue": 0.1960966274419188
    }
  }
}