{
  "overall": {
    "value": 18271613.43806828,
    "percValue": 1
  },
  "byClass": {
    "PatchReef_JoannaEdit": {
      "name": "PatchReef_JoannaEdit",
      "value": 15212304.735794103,
      "percValue": 0.8325649394541035
    },
    "Mangrove_shp_2012": {
      "name": "Mangrove_shp_2012",
      "value": 174538.70779643767,
      "percValue": 0.00955245186135518
    },
    "Seagrass_2014_50mbuff": {
      "name": "Seagrass_2014_50mbuff",
      "value": 2884769.994477741,
      "percValue": 0.15788260868454132
    }
  }
}