{
  "overall": {
    "value": 51374989.98110728,
    "percValue": 1
  },
  "byClass": {
    "lagoonal_reef_only": {
      "name": "lagoonal_reef_only",
      "value": 48315681.27883305,
      "percValue": 0.940451400508316
    },
    "Mangrove_shp_2012": {
      "name": "Mangrove_shp_2012",
      "value": 174538.70779674617,
      "percValue": 0.003397347772932536
    },
    "Seagrass_2014_50mbuff": {
      "name": "Seagrass_2014_50mbuff",
      "value": 2884769.9944774914,
      "percValue": 0.0561512517187515
    }
  }
}