{
  "Aquaculture_Area": 27101.179782517254,
  "Boating_Area": 472868.9429860341,
  "Commercial_Fishing_Area_all": 199739.80352686718,
  "Passive_Recreation_Conservation": 232632.32600001944,
  "Recreational": 241189.7273442289,
  "Shipping": 14768.226010799408,
  "Swimming_Snorkeling_Diving": 525569.4417398013,
  "Tourism": 16354.854469778016,
  "Utilities": 74327.6411759723
}