{
  "Aquaculture": 14972.600296854973,
  "Boating": 430346.0135562408,
  "CommercialFishing": 296287.77351568406,
  "PassiveRecreation_Conservation": 230850.84109385265,
  "Recreational Fishing": 231050.7586448742,
  "Shipping": 14768.226010799408,
  "Swimming_Snorkeling_Diving": 613759.638105642,
  "Tourism": 20206.746555360034,
  "Utilities": 15146.934098422527
}