{
  "aquaculture_heatmap": 14963.690934062004,
  "boating_heatmap": 430346.01235624077,
  "commercial_fishing_heatmap": 296287.59491568664,
  "passiverec_conservation_heatmap": 230850.47690407885,
  "recreational_fishing_heatmap": 231050.2536448855,
  "shipping_heatmap": 14768.226010799408,
  "swim_snorkel_dive_heatmap": 613758.6351765469,
  "tourism_heatmap": 20205.194012584165,
  "utilities_heatmap": 15098.236503779888
}