{
  "Coral Cover": 219142.73238153942,
  "Coral Diversity": 231924.1468730762,
  "Coral Recruit Density": 73405.34650501853,
  "Rugosity": 72297.22302708979,
  "Fish Diversity BRUV": 194649.20529744774,
  "Fish Density": 253383.98754745774,
  "Fish Diversity BREAM": 333552.74660776486,
  "Fish Recruit Density": 75390.81803614809,
  "Seagrass": 2892.556873383932
}