{
  "float_solar1": 1555720.8217766285,
  "wind_fixed1": 991147.264895618,
  "wind_float1": 444938.63100481033,
  "wave_energy1": 450788.52027624846
}