{
  "float_solar1": 665865.7557512184,
  "wind_fixed1": 475393.6735032392,
  "wind_float1": 142662.08093595132,
  "wave_energy1": 235011.01424767697
}