{
  "Floating Solar": 1555720.8217766285,
  "Fixed Offshore Wind": 991147.264895618,
  "Floating Offshore Wind": 444938.63100481033,
  "Wave Energy": 450788.52027624846
}