{
  "area": 36282559.79247418,
  "percPlanningArea": 0.00007790350923525046
}