{
  "area": 33228300.225384366,
  "percPlanningArea": 0.00007134560538964067
}