{
  "overall": {
    "value": 51374989.98110728,
    "percValue": 1
  },
  "byClass": {
    "lagoonal_reef_only": {
      "name": "lagoonal_reef_only",
      "value": 2948731.6815104964,
      "percValue": 0.06103053094694386,
      "sketchMetrics": [
        {
          "id": "615bbbe9aac8c8285d50db2d",
          "name": "mpa-full",
          "value": 2948731.6815104964,
          "percValue": 0.06103053094694386
        }
      ]
    },
    "Mangrove_shp_2012": {
      "name": "Mangrove_shp_2012",
      "value": 0,
      "percValue": 0,
      "sketchMetrics": [
        {
          "id": "615bbbe9aac8c8285d50db2d",
          "name": "mpa-full",
          "value": 0,
          "percValue": 0
        }
      ]
    },
    "Seagrass_2014_50mbuff": {
      "name": "Seagrass_2014_50mbuff",
      "value": 91601.42597206871,
      "percValue": 0.03175345907903489,
      "sketchMetrics": [
        {
          "id": "615bbbe9aac8c8285d50db2d",
          "name": "mpa-full",
          "value": 91601.42597206871,
          "percValue": 0.03175345907903489
        }
      ]
    }
  },
  "byLevel": {
    "full": {
      "lagoonal_reef_only": {
        "value": 2948731.6815104964,
        "percValue": 0.05739624830281948,
        "sketchMetrics": [
          {
            "id": "615bbbe9aac8c8285d50db2d",
            "name": "mpa-full",
            "value": 2948731.6815104964,
            "percValue": 0.06103053094694386
          }
        ]
      },
      "Mangrove_shp_2012": {
        "value": 0,
        "percValue": 0,
        "sketchMetrics": [
          {
            "id": "615bbbe9aac8c8285d50db2d",
            "name": "mpa-full",
            "value": 0,
            "percValue": 0
          }
        ]
      },
      "Seagrass_2014_50mbuff": {
        "value": 91601.42597206871,
        "percValue": 0.001782996473687963,
        "sketchMetrics": [
          {
            "id": "615bbbe9aac8c8285d50db2d",
            "name": "mpa-full",
            "value": 91601.42597206871,
            "percValue": 0.03175345907903489
          }
        ]
      }
    },
    "high": {
      "lagoonal_reef_only": {
        "value": 0,
        "percValue": 0,
        "sketchMetrics": []
      },
      "Mangrove_shp_2012": {
        "value": 0,
        "percValue": 0,
        "sketchMetrics": []
      },
      "Seagrass_2014_50mbuff": {
        "value": 0,
        "percValue": 0,
        "sketchMetrics": []
      }
    },
    "low": {
      "lagoonal_reef_only": {
        "value": 0,
        "percValue": 0,
        "sketchMetrics": []
      },
      "Mangrove_shp_2012": {
        "value": 0,
        "percValue": 0,
        "sketchMetrics": []
      },
      "Seagrass_2014_50mbuff": {
        "value": 0,
        "percValue": 0,
        "sketchMetrics": []
      }
    }
  }
}