{
  "byClass": {
    "Pelagic_Fishing_Zone_Dissolved": {
      "name": "Pelagic_Fishing_Zone_Dissolved",
      "value": 21517894.43305575,
      "percValue": 0.012407737188425985,
      "sketchMetrics": [
        {
          "id": "616f1ae906f1b7772b51f18f",
          "name": "full mpa",
          "value": 12160320.09128951,
          "percValue": 0.007011934010981658,
          "numFishingRestricted": 3,
          "overlap": true
        },
        {
          "id": "616f1ae906f1b7772b51f191",
          "name": "low mpa",
          "value": 9357574.341766244,
          "percValue": 0.005395803177444328,
          "numFishingRestricted": 2,
          "overlap": true
        }
      ]
    }
  },
  "byGroup": {
    "definite": {
      "Pelagic_Fishing_Zone_Dissolved": {
        "value": 12160320.09128951,
        "percValue": 0.007011934010981658,
        "sketchMetrics": [
          {
            "id": "616f1ae906f1b7772b51f18f",
            "name": "full mpa",
            "value": 12160320.09128951,
            "percValue": 0.007011934010981658,
            "numFishingRestricted": 3,
            "overlap": true
          }
        ]
      }
    },
    "partial": {
      "Pelagic_Fishing_Zone_Dissolved": {
        "value": 9357574.341766244,
        "percValue": 0.005395803177444328,
        "sketchMetrics": [
          {
            "id": "616f1ae906f1b7772b51f191",
            "name": "low mpa",
            "value": 9357574.341766244,
            "percValue": 0.005395803177444328,
            "numFishingRestricted": 2,
            "overlap": true
          }
        ]
      }
    },
    "no": {
      "Pelagic_Fishing_Zone_Dissolved": {
        "value": 0,
        "percValue": 0,
        "sketchMetrics": []
      }
    }
  }
}