{
  "edge": {
    "area": 21517894.43305575,
    "percArea": 0.012407737188425985,
    "overlapCount": 2,
    "areaUnit": "square meters",
    "sketchAreas": []
  }
}