{
  "overall": {
    "value": 51374989.98110728,
    "percValue": 1
  },
  "byClass": {
    "lagoonal_reef_only": {
      "name": "lagoonal_reef_only",
      "value": 4686261.869024358,
      "percValue": 0.0969925652497711,
      "sketchMetrics": [
        {
          "id": "61649a3c1e0a596510ad8329",
          "name": "nearshore-span",
          "value": 4686261.869024358,
          "percValue": 0.0969925652497711
        }
      ]
    },
    "Mangrove_shp_2012": {
      "name": "Mangrove_shp_2012",
      "value": 0,
      "percValue": 0,
      "sketchMetrics": [
        {
          "id": "61649a3c1e0a596510ad8329",
          "name": "nearshore-span",
          "value": 0,
          "percValue": 0
        }
      ]
    },
    "Seagrass_2014_50mbuff": {
      "name": "Seagrass_2014_50mbuff",
      "value": 172514.14489405323,
      "percValue": 0.059801698306731085,
      "sketchMetrics": [
        {
          "id": "61649a3c1e0a596510ad8329",
          "name": "nearshore-span",
          "value": 172514.14489405323,
          "percValue": 0.059801698306731085
        }
      ]
    }
  },
  "byLevel": {
    "full": {
      "lagoonal_reef_only": {
        "value": 0,
        "percValue": 0,
        "sketchMetrics": []
      },
      "Mangrove_shp_2012": {
        "value": 0,
        "percValue": 0,
        "sketchMetrics": []
      },
      "Seagrass_2014_50mbuff": {
        "value": 0,
        "percValue": 0,
        "sketchMetrics": []
      }
    },
    "high": {
      "lagoonal_reef_only": {
        "value": 4686261.869024358,
        "percValue": 0.09121679382804145,
        "sketchMetrics": [
          {
            "id": "61649a3c1e0a596510ad8329",
            "name": "nearshore-span",
            "value": 4686261.869024358,
            "percValue": 0.0969925652497711
          }
        ]
      },
      "Mangrove_shp_2012": {
        "value": 0,
        "percValue": 0,
        "sketchMetrics": [
          {
            "id": "61649a3c1e0a596510ad8329",
            "name": "nearshore-span",
            "value": 0,
            "percValue": 0
          }
        ]
      },
      "Seagrass_2014_50mbuff": {
        "value": 172514.14489405323,
        "percValue": 0.0033579402148300923,
        "sketchMetrics": [
          {
            "id": "61649a3c1e0a596510ad8329",
            "name": "nearshore-span",
            "value": 172514.14489405323,
            "percValue": 0.059801698306731085
          }
        ]
      }
    },
    "low": {
      "lagoonal_reef_only": {
        "value": 0,
        "percValue": 0,
        "sketchMetrics": []
      },
      "Mangrove_shp_2012": {
        "value": 0,
        "percValue": 0,
        "sketchMetrics": []
      },
      "Seagrass_2014_50mbuff": {
        "value": 0,
        "percValue": 0,
        "sketchMetrics": []
      }
    }
  }
}