{
  "edge": {
    "area": 128949588.19445494,
    "percArea": 0.07435544429545485,
    "totalCount": 1,
    "overlapCount": 1,
    "areaUnit": "square meters",
    "sketchAreas": []
  }
}