{
  "byClass": {
    "Platform Edge": {
      "name": "Platform Edge",
      "value": 128949588.19445494,
      "percValue": 0.07435544429545485,
      "sketchMetrics": [
        {
          "id": "61649a3c1e0a596510ad8329",
          "name": "nearshore-span",
          "value": 128949588.19445494,
          "percValue": 0.07435544429545485,
          "numFishingRestricted": 3,
          "overlap": true
        }
      ]
    }
  },
  "byGroup": {
    "definite": {
      "Platform Edge": {
        "value": 128949588.19445494,
        "percValue": 0.07435544429545485,
        "sketchMetrics": [
          {
            "id": "61649a3c1e0a596510ad8329",
            "name": "nearshore-span",
            "value": 128949588.19445494,
            "percValue": 0.07435544429545485,
            "numFishingRestricted": 3,
            "overlap": true
          }
        ]
      }
    },
    "partial": {
      "Platform Edge": {
        "value": 0,
        "percValue": 0,
        "sketchMetrics": []
      }
    },
    "no": {
      "Platform Edge": {
        "value": 0,
        "percValue": 0,
        "sketchMetrics": []
      }
    }
  }
}