{
  "overall": {
    "value": 18271613.43806828,
    "percValue": 1
  },
  "byClass": {
    "PatchReef_JoannaEdit": {
      "name": "PatchReef_JoannaEdit",
      "value": 718.5345853272506,
      "percValue": 0.00004723377540791436,
      "sketchMetrics": [
        {
          "id": "61685a10f3f078352076a1fb",
          "name": "low-1",
          "value": 718.5345853272506,
          "percValue": 0.00004723377540791436
        }
      ]
    },
    "Mangrove_shp_2012": {
      "name": "Mangrove_shp_2012",
      "value": 0,
      "percValue": 0,
      "sketchMetrics": [
        {
          "id": "61685a10f3f078352076a1fb",
          "name": "low-1",
          "value": 0,
          "percValue": 0
        }
      ]
    },
    "Seagrass_2014_50mbuff": {
      "name": "Seagrass_2014_50mbuff",
      "value": 33490.248245668256,
      "percValue": 0.011609330487275584,
      "sketchMetrics": [
        {
          "id": "61685a10f3f078352076a1fb",
          "name": "low-1",
          "value": 33490.248245668256,
          "percValue": 0.011609330487275584
        }
      ]
    }
  },
  "byLevel": {
    "full": {
      "PatchReef_JoannaEdit": {
        "value": 0,
        "percValue": 0,
        "sketchMetrics": []
      },
      "Mangrove_shp_2012": {
        "value": 0,
        "percValue": 0,
        "sketchMetrics": []
      },
      "Seagrass_2014_50mbuff": {
        "value": 0,
        "percValue": 0,
        "sketchMetrics": []
      }
    },
    "high": {
      "PatchReef_JoannaEdit": {
        "value": 0,
        "percValue": 0,
        "sketchMetrics": []
      },
      "Mangrove_shp_2012": {
        "value": 0,
        "percValue": 0,
        "sketchMetrics": []
      },
      "Seagrass_2014_50mbuff": {
        "value": 0,
        "percValue": 0,
        "sketchMetrics": []
      }
    },
    "low": {
      "PatchReef_JoannaEdit": {
        "value": 718.5345853272506,
        "percValue": 0.00004723377540791436,
        "sketchMetrics": [
          {
            "id": "61685a10f3f078352076a1fb",
            "name": "low-1",
            "value": 718.5345853272506,
            "percValue": 0.00004723377540791436
          }
        ]
      },
      "Mangrove_shp_2012": {
        "value": 0,
        "percValue": 0,
        "sketchMetrics": [
          {
            "id": "61685a10f3f078352076a1fb",
            "name": "low-1",
            "value": 0,
            "percValue": 0
          }
        ]
      },
      "Seagrass_2014_50mbuff": {
        "value": 33490.248245668256,
        "percValue": 0.011609330487275584,
        "sketchMetrics": [
          {
            "id": "61685a10f3f078352076a1fb",
            "name": "low-1",
            "value": 33490.248245668256,
            "percValue": 0.011609330487275584
          }
        ]
      }
    }
  }
}