{
  "overall": {
    "value": 14710961.795261733,
    "percValue": 1
  },
  "byClass": {
    "Nursery Reef": {
      "name": "Nursery Reef",
      "value": 718.5345853272506,
      "percValue": 0.00006166803796790812,
      "sketchMetrics": [
        {
          "id": "61685a10f3f078352076a1fb",
          "name": "low-1",
          "value": 718.5345853272506,
          "percValue": 0.00006166803796790812
        }
      ]
    },
    "Mangrove": {
      "name": "Mangrove",
      "value": 0,
      "percValue": 0,
      "sketchMetrics": [
        {
          "id": "61685a10f3f078352076a1fb",
          "name": "low-1",
          "value": 0,
          "percValue": 0
        }
      ]
    },
    "Seagrass": {
      "name": "Seagrass",
      "value": 33490.248245668256,
      "percValue": 0.011609330487275584,
      "sketchMetrics": [
        {
          "id": "61685a10f3f078352076a1fb",
          "name": "low-1",
          "value": 33490.248245668256,
          "percValue": 0.011609330487275584
        }
      ]
    }
  },
  "byLevel": {
    "full": {
      "Nursery Reef": {
        "value": 0,
        "percValue": 0,
        "sketchMetrics": []
      },
      "Mangrove": {
        "value": 0,
        "percValue": 0,
        "sketchMetrics": []
      },
      "Seagrass": {
        "value": 0,
        "percValue": 0,
        "sketchMetrics": []
      }
    },
    "high": {
      "Nursery Reef": {
        "value": 0,
        "percValue": 0,
        "sketchMetrics": []
      },
      "Mangrove": {
        "value": 0,
        "percValue": 0,
        "sketchMetrics": []
      },
      "Seagrass": {
        "value": 0,
        "percValue": 0,
        "sketchMetrics": []
      }
    },
    "low": {
      "Nursery Reef": {
        "value": 718.5345853272506,
        "percValue": 0.00006166803796790812,
        "sketchMetrics": [
          {
            "id": "61685a10f3f078352076a1fb",
            "name": "low-1",
            "value": 718.5345853272506,
            "percValue": 0.00006166803796790812
          }
        ]
      },
      "Mangrove": {
        "value": 0,
        "percValue": 0,
        "sketchMetrics": [
          {
            "id": "61685a10f3f078352076a1fb",
            "name": "low-1",
            "value": 0,
            "percValue": 0
          }
        ]
      },
      "Seagrass": {
        "value": 33490.248245668256,
        "percValue": 0.011609330487275584,
        "sketchMetrics": [
          {
            "id": "61685a10f3f078352076a1fb",
            "name": "low-1",
            "value": 33490.248245668256,
            "percValue": 0.011609330487275584
          }
        ]
      }
    }
  }
}