{
  "overall": {
    "value": 51374989.98110728,
    "percValue": 1
  },
  "byClass": {
    "lagoonal_reef_only": {
      "name": "lagoonal_reef_only",
      "value": 4424303.02710018,
      "percValue": 0.0915707470120773,
      "sketchMetrics": [
        {
          "id": "61685a10f3f078352076a1fb",
          "name": "low-1",
          "value": 4424303.02710018,
          "percValue": 0.0915707470120773
        }
      ]
    },
    "Mangrove_shp_2012": {
      "name": "Mangrove_shp_2012",
      "value": 0,
      "percValue": 0,
      "sketchMetrics": [
        {
          "id": "61685a10f3f078352076a1fb",
          "name": "low-1",
          "value": 0,
          "percValue": 0
        }
      ]
    },
    "Seagrass_2014_50mbuff": {
      "name": "Seagrass_2014_50mbuff",
      "value": 33490.248245668256,
      "percValue": 0.011609330487276588,
      "sketchMetrics": [
        {
          "id": "61685a10f3f078352076a1fb",
          "name": "low-1",
          "value": 33490.248245668256,
          "percValue": 0.011609330487276588
        }
      ]
    }
  },
  "byLevel": {
    "full": {
      "lagoonal_reef_only": {
        "value": 0,
        "percValue": 0,
        "sketchMetrics": []
      },
      "Mangrove_shp_2012": {
        "value": 0,
        "percValue": 0,
        "sketchMetrics": []
      },
      "Seagrass_2014_50mbuff": {
        "value": 0,
        "percValue": 0,
        "sketchMetrics": []
      }
    },
    "high": {
      "lagoonal_reef_only": {
        "value": 0,
        "percValue": 0,
        "sketchMetrics": []
      },
      "Mangrove_shp_2012": {
        "value": 0,
        "percValue": 0,
        "sketchMetrics": []
      },
      "Seagrass_2014_50mbuff": {
        "value": 0,
        "percValue": 0,
        "sketchMetrics": []
      }
    },
    "low": {
      "lagoonal_reef_only": {
        "value": 4424303.02710018,
        "percValue": 0.0861178372731008,
        "sketchMetrics": [
          {
            "id": "61685a10f3f078352076a1fb",
            "name": "low-1",
            "value": 4424303.02710018,
            "percValue": 0.0915707470120773
          }
        ]
      },
      "Mangrove_shp_2012": {
        "value": 0,
        "percValue": 0,
        "sketchMetrics": [
          {
            "id": "61685a10f3f078352076a1fb",
            "name": "low-1",
            "value": 0,
            "percValue": 0
          }
        ]
      },
      "Seagrass_2014_50mbuff": {
        "value": 33490.248245668256,
        "percValue": 0.0006518784384772437,
        "sketchMetrics": [
          {
            "id": "61685a10f3f078352076a1fb",
            "name": "low-1",
            "value": 33490.248245668256,
            "percValue": 0.011609330487276588
          }
        ]
      }
    }
  }
}