{
  "area": 24031748.116384912,
  "percPlanningArea": 0.00005159937782869257
}