{
  "byClass": {
    "Platform Edge": {
      "name": "Platform Edge",
      "value": 10852157.094060296,
      "percValue": 0.006257615658889126,
      "sketchMetrics": [
        {
          "id": "615bbc28aac8c8285d50db2f",
          "name": "mpa-high",
          "value": 10852157.094060296,
          "percValue": 0.006257615658889126,
          "numFishingRestricted": 3,
          "overlap": true
        }
      ]
    }
  },
  "byGroup": {
    "definite": {
      "Platform Edge": {
        "value": 10852157.094060296,
        "percValue": 0.006257615658889126,
        "sketchMetrics": [
          {
            "id": "615bbc28aac8c8285d50db2f",
            "name": "mpa-high",
            "value": 10852157.094060296,
            "percValue": 0.006257615658889126,
            "numFishingRestricted": 3,
            "overlap": true
          }
        ]
      }
    },
    "partial": {
      "Platform Edge": {
        "value": 0,
        "percValue": 0,
        "sketchMetrics": []
      }
    },
    "no": {
      "Platform Edge": {
        "value": 0,
        "percValue": 0,
        "sketchMetrics": []
      }
    }
  }
}