{
  "overall": {
    "value": 18271613.43806828,
    "percValue": 1
  },
  "byClass": {
    "PatchReef_JoannaEdit": {
      "name": "PatchReef_JoannaEdit",
      "value": 25010.670950570384,
      "percValue": 0.0016441079366311282,
      "sketchMetrics": [
        {
          "id": "617abdf4dc13e871274c3dec",
          "name": "Demo MPA 13",
          "value": 25010.670950570384,
          "percValue": 0.0016441079366311282
        }
      ]
    },
    "Mangrove_shp_2012": {
      "name": "Mangrove_shp_2012",
      "value": 0,
      "percValue": 0,
      "sketchMetrics": [
        {
          "id": "617abdf4dc13e871274c3dec",
          "name": "Demo MPA 13",
          "value": 0,
          "percValue": 0
        }
      ]
    },
    "Seagrass_2014_50mbuff": {
      "name": "Seagrass_2014_50mbuff",
      "value": 86955.40066287706,
      "percValue": 0.03014292329348062,
      "sketchMetrics": [
        {
          "id": "617abdf4dc13e871274c3dec",
          "name": "Demo MPA 13",
          "value": 86955.40066287706,
          "percValue": 0.03014292329348062
        }
      ]
    }
  },
  "byLevel": {
    "full": {
      "PatchReef_JoannaEdit": {
        "value": 0,
        "percValue": 0,
        "sketchMetrics": []
      },
      "Mangrove_shp_2012": {
        "value": 0,
        "percValue": 0,
        "sketchMetrics": []
      },
      "Seagrass_2014_50mbuff": {
        "value": 0,
        "percValue": 0,
        "sketchMetrics": []
      }
    },
    "high": {
      "PatchReef_JoannaEdit": {
        "value": 25010.670950570384,
        "percValue": 0.0013688266247173064,
        "sketchMetrics": [
          {
            "id": "617abdf4dc13e871274c3dec",
            "name": "Demo MPA 13",
            "value": 25010.670950570384,
            "percValue": 0.0016441079366311282
          }
        ]
      },
      "Mangrove_shp_2012": {
        "value": 0,
        "percValue": 0,
        "sketchMetrics": [
          {
            "id": "617abdf4dc13e871274c3dec",
            "name": "Demo MPA 13",
            "value": 0,
            "percValue": 0
          }
        ]
      },
      "Seagrass_2014_50mbuff": {
        "value": 86955.40066287706,
        "percValue": 0.004759043362952746,
        "sketchMetrics": [
          {
            "id": "617abdf4dc13e871274c3dec",
            "name": "Demo MPA 13",
            "value": 86955.40066287706,
            "percValue": 0.03014292329348062
          }
        ]
      }
    },
    "low": {
      "PatchReef_JoannaEdit": {
        "value": 0,
        "percValue": 0,
        "sketchMetrics": []
      },
      "Mangrove_shp_2012": {
        "value": 0,
        "percValue": 0,
        "sketchMetrics": []
      },
      "Seagrass_2014_50mbuff": {
        "value": 0,
        "percValue": 0,
        "sketchMetrics": []
      }
    }
  }
}