{
  "overall": {
    "value": 51374989.98110728,
    "percValue": 1
  },
  "byClass": {
    "lagoonal_reef_only": {
      "name": "lagoonal_reef_only",
      "value": 1270353.4010682444,
      "percValue": 0.026292776329427073,
      "sketchMetrics": [
        {
          "id": "617abdf4dc13e871274c3dec",
          "name": "Demo MPA 13",
          "value": 1270353.4010682444,
          "percValue": 0.026292776329427073
        }
      ]
    },
    "Mangrove_shp_2012": {
      "name": "Mangrove_shp_2012",
      "value": 0,
      "percValue": 0,
      "sketchMetrics": [
        {
          "id": "617abdf4dc13e871274c3dec",
          "name": "Demo MPA 13",
          "value": 0,
          "percValue": 0
        }
      ]
    },
    "Seagrass_2014_50mbuff": {
      "name": "Seagrass_2014_50mbuff",
      "value": 86955.40066287706,
      "percValue": 0.03014292329348323,
      "sketchMetrics": [
        {
          "id": "617abdf4dc13e871274c3dec",
          "name": "Demo MPA 13",
          "value": 86955.40066287706,
          "percValue": 0.03014292329348323
        }
      ]
    }
  },
  "byLevel": {
    "full": {
      "lagoonal_reef_only": {
        "value": 0,
        "percValue": 0,
        "sketchMetrics": []
      },
      "Mangrove_shp_2012": {
        "value": 0,
        "percValue": 0,
        "sketchMetrics": []
      },
      "Seagrass_2014_50mbuff": {
        "value": 0,
        "percValue": 0,
        "sketchMetrics": []
      }
    },
    "high": {
      "lagoonal_reef_only": {
        "value": 1270353.4010682444,
        "percValue": 0.024727078322261592,
        "sketchMetrics": [
          {
            "id": "617abdf4dc13e871274c3dec",
            "name": "Demo MPA 13",
            "value": 1270353.4010682444,
            "percValue": 0.026292776329427073
          }
        ]
      },
      "Mangrove_shp_2012": {
        "value": 0,
        "percValue": 0,
        "sketchMetrics": [
          {
            "id": "617abdf4dc13e871274c3dec",
            "name": "Demo MPA 13",
            "value": 0,
            "percValue": 0
          }
        ]
      },
      "Seagrass_2014_50mbuff": {
        "value": 86955.40066287706,
        "percValue": 0.001692562873391395,
        "sketchMetrics": [
          {
            "id": "617abdf4dc13e871274c3dec",
            "name": "Demo MPA 13",
            "value": 86955.40066287706,
            "percValue": 0.03014292329348323
          }
        ]
      }
    },
    "low": {
      "lagoonal_reef_only": {
        "value": 0,
        "percValue": 0,
        "sketchMetrics": []
      },
      "Mangrove_shp_2012": {
        "value": 0,
        "percValue": 0,
        "sketchMetrics": []
      },
      "Seagrass_2014_50mbuff": {
        "value": 0,
        "percValue": 0,
        "sketchMetrics": []
      }
    }
  }
}